condition,team_id,mapA_first,Map_order,Anxiety_average,team_score_SaturnA,walk_mean,team_effort_SaturnA,team_effort_SaturnB,team_effort_average,process_skill_use_agg_SatA,process_effort_agg_SatA,score_team_agg_SatB,process_skill_use_agg_SatB,process_effort_agg_SatB,skill_use_average,effort_average,skilluse1_SaturnA,skilluse2_SaturnA,skilluse3_SaturnA,skilluse4_SaturnA,skilluse5_SaturnA,skilluse6_SaturnA,skilluse7_SaturnA,skilluse8_SaturnA,skilluse9_SaturnA,skilluse10_SaturnA,skilluse11_SaturnA,skilluse12_SaturnA,skilluse13_SaturnA,skilluse14_SaturnA,skilluse15_SaturnA,skilluse1_SaturnB,skilluse2_SaturnB,skilluse3_SaturnB,skilluse4_SaturnB,skilluse5_SaturnB,skilluse6_SaturnB,skilluse7_SaturnB,skilluse8_SaturnB,skilluse9_SaturnB,skilluse10_SaturnB,skilluse11_SaturnB,skilluse12_SaturnB,skilluse13_SaturnB,skilluse14_SaturnB,skilluse15_SaturnB,effort1_SaturnA,effort2_SaturnA,effort3_SaturnA,effort4_SaturnA,effort5_SaturnA,effort6_SaturnA,effort7_SaturnA,effort8_SaturnA,effort9_SaturnA,effort10_SaturnA,effort11_SaturnA,effort12_SaturnA,effort13_SaturnA,effort14_SaturnA,effort15_SaturnA,effort1_SaturnB,effort2_SaturnB,effort3_SaturnB,effort4_SaturnB,effort5_SaturnB,effort6_SaturnB,effort7_SaturnB,effort8_SaturnB,effort9_SaturnB,effort10_SaturnB,effort11_SaturnB,effort12_SaturnB,effort13_SaturnB,effort14_SaturnB,effort15_SaturnB,workload_burnt1_SaturnA,workload_burnt2_SaturnA,workload_burnt3_SaturnA,workload_burnt4_SaturnA,workload_burnt5_SaturnA,workload_burnt6_SaturnA,workload_burnt7_SaturnA,workload_burnt8_SaturnA,workload_burnt9_SaturnA,workload_burnt10_SaturnA,workload_burnt11_SaturnA,workload_burnt12_SaturnA,workload_burnt13_SaturnA,workload_burnt14_SaturnA,workload_burnt15_SaturnA,workload_burnt1_SaturnB,workload_burnt2_SaturnB,workload_burnt3_SaturnB,workload_burnt4_SaturnB,workload_burnt5_SaturnB,workload_burnt6_SaturnB,workload_burnt7_SaturnB,workload_burnt8_SaturnB,workload_burnt9_SaturnB,workload_burnt10_SaturnB,workload_burnt11_SaturnB,workload_burnt12_SaturnB,workload_burnt13_SaturnB,workload_burnt14_SaturnB,workload_burnt15_SaturnB
1,TM000104,1,1,1.6667,460,0.42,8846.581961,8483.292639,8664.9373,0.376843658,0.840707965,550,0.481031308,0.850828729,0.428937483,0.840707965,0.025073746,0.065265487,0.101032448,0.123525074,0.15339233,0.178834808,0.206489676,0.230088496,0.263274336,0.283185841,0.286873156,0.292035398,0.324115044,0.347345133,0.376843658,0.029834254,0.066666667,0.095395948,0.121915285,0.148802947,0.173112339,0.212154696,0.254511971,0.283241252,0.315653775,0.346224678,0.37053407,0.402946593,0.450828729,0.481031308,0.053834808,0.111356932,0.166297935,0.220132743,0.282817109,0.341814159,0.399336283,0.454646018,0.514011799,0.562315634,0.604719764,0.649705015,0.709439528,0.772861357,0.840707965,0.060036832,0.116390424,0.174217311,0.226151013,0.286556169,0.349907919,0.411418048,0.451197053,0.514180479,0.569429098,0.630570902,0.683609576,0.728913444,0.791896869,0.850828729,0.0469,0.1297,0.1935,0.2439,0.3202,0.3655,0.4266,0.4754,0.5525,0.5985,0.6008,0.605,0.6765,0.7176,0.7837,0.0729,0.1646,0.2221,0.2735,0.3194,0.3685,0.4446,0.4919,0.5552,0.6111,0.6654,0.6912,0.7094,0.8195,0.8771
1,TM000153,0,2,1.3333,490,0.36,9261.116016,7858.233765,8559.674891,0.394979697,0.873385013,540,0.374632353,0.814705882,0.384806025,0.873385013,0.031746032,0.061646364,0.092284976,0.130306386,0.159099299,0.19121447,0.198597268,0.216685124,0.235880399,0.26762643,0.302694721,0.334440753,0.358065707,0.38353636,0.394979697,0.019852941,0.050735294,0.074264706,0.113970588,0.158823529,0.181617647,0.202205882,0.236397059,0.271323529,0.286029412,0.298161765,0.316544118,0.343382353,0.359191176,0.374632353,0.060908084,0.11590993,0.169804356,0.23145072,0.283868586,0.342561831,0.389442599,0.445921004,0.510151347,0.568106312,0.631598376,0.682170543,0.744555186,0.804724991,0.873385013,0.048529412,0.10625,0.161764706,0.219852941,0.279411765,0.340441176,0.392647059,0.453676471,0.509191176,0.568382353,0.624632353,0.654411765,0.707352941,0.759558824,0.814705882,0.071,0.1354,0.1937,0.2818,0.3491,0.4125,0.4235,0.4644,0.5023,0.5776,0.6412,0.7155,0.7681,0.8197,0.8378,0.0427,0.1016,0.1483,0.2569,0.3569,0.4073,0.4561,0.5275,0.596,0.6385,0.6575,0.6909,0.7535,0.785,0.8177
2,TM000101,0,2,1.5833,470,0.46,9338.422582,8500.434775,8919.428679,0.410766962,0.902654867,470,0.417618872,0.834869149,0.414192917,0.902654867,0.028013269,0.057869517,0.093623295,0.128271286,0.149281238,0.157021747,0.19240693,0.221894582,0.236638408,0.274972355,0.307408773,0.344636933,0.368227055,0.39402875,0.417618872,0.028761062,0.070058997,0.111725664,0.145280236,0.166666667,0.184734513,0.227138643,0.265855457,0.304572271,0.336651917,0.360250737,0.368362832,0.380162242,0.387168142,0.410766962,0.059712495,0.115001843,0.167711021,0.224474751,0.277183929,0.319203833,0.374861777,0.433468485,0.486546259,0.536306672,0.593807593,0.65167711,0.708072245,0.766678953,0.834869149,0.058259587,0.112094395,0.17219764,0.233775811,0.293510324,0.352876106,0.414085546,0.475294985,0.538716814,0.599557522,0.657079646,0.71939528,0.774705015,0.83480826,0.902654867,0.0556,0.1212,0.202,0.2799,0.3066,0.3254,0.3955,0.4529,0.4663,0.5369,0.6046,0.6766,0.709,0.7436,0.7591,0.0672,0.1432,0.2193,0.2662,0.2947,0.3287,0.4121,0.499,0.5934,0.6614,0.7102,0.7287,0.7591,0.7748,0.8257
2,TM000161,0,2,1.5833,470,0.41,8755.69466,8773.890619,8764.79264,0.393436578,0.880530973,480,0.406561003,0.874308883,0.399998791,0.880530973,0.020648968,0.051622419,0.072271386,0.103982301,0.127581121,0.139011799,0.171091445,0.214233038,0.248525074,0.262168142,0.274705015,0.309734513,0.340707965,0.367625369,0.393436578,0.032436417,0.074824917,0.106892739,0.142646517,0.171765573,0.183192038,0.217471434,0.246221895,0.278289716,0.293402138,0.318835238,0.352377442,0.374124585,0.392554368,0.406561003,0.055309735,0.114675516,0.172935103,0.227876106,0.275442478,0.338864307,0.400073746,0.462758112,0.523967552,0.575221239,0.627949853,0.692109145,0.752581121,0.81600295,0.880530973,0.0593439,0.120162182,0.170659786,0.222631773,0.282712864,0.33136749,0.391448581,0.449318098,0.513085146,0.575009215,0.636933284,0.695539993,0.75930704,0.819756727,0.874308883,0.0553,0.1223,0.1491,0.2101,0.2598,0.2826,0.359,0.4361,0.5067,0.5221,0.5494,0.613,0.6759,0.7414,0.7678,0.0653,0.1496,0.2453,0.305,0.3695,0.3873,0.4701,0.5212,0.5839,0.6035,0.6565,0.7159,0.762,0.7899,0.8143
2,TM000111,1,1,1.25,490,0.42,8857.067243,8436.611399,8646.839321,0.393950572,0.873109554,540,0.448518519,0.868148148,0.421234546,0.873109554,0.027296201,0.05016599,0.08520841,0.129472519,0.161932866,0.181482848,0.210254519,0.234599779,0.260420509,0.274806345,0.285503504,0.310217632,0.34710439,0.367023239,0.393950572,0.02962963,0.058148148,0.085555556,0.107037037,0.134074074,0.177407407,0.212592593,0.243333333,0.266666667,0.295555556,0.335555556,0.37037037,0.393703704,0.414814815,0.448518519,0.051641461,0.110291405,0.165990409,0.227960162,0.291036518,0.351161933,0.408336407,0.468461822,0.528587237,0.592770195,0.64994467,0.713021025,0.770933235,0.815566212,0.873109554,0.061851852,0.117407407,0.170740741,0.222222222,0.283333333,0.339259259,0.401111111,0.458888889,0.518518519,0.578888889,0.639259259,0.702592593,0.764444444,0.807777778,0.868148148,0.0573,0.0972,0.1507,0.2518,0.3049,0.3412,0.408,0.4546,0.5028,0.5264,0.5378,0.5997,0.6702,0.7055,0.7551,0.0763,0.1266,0.1742,0.2155,0.2624,0.3475,0.4176,0.4698,0.5012,0.5553,0.6392,0.6942,0.7338,0.7559,0.8192
1,TM000138,1,1,1.5,520,0.37,9677.601297,10228.25815,9952.929724,0.434734513,0.903023599,380,0.412089937,0.914485809,0.423412225,0.903023599,0.034660767,0.083333333,0.122418879,0.138274336,0.165929204,0.19579646,0.221238938,0.269174041,0.303097345,0.329646018,0.360988201,0.388643068,0.403761062,0.412241888,0.434734513,0.028381865,0.056395135,0.100626613,0.136380391,0.169553999,0.194249908,0.228160708,0.266863251,0.293402138,0.318466642,0.355326207,0.364909694,0.378916329,0.386288242,0.412089937,0.058628319,0.12020649,0.177728614,0.234144543,0.293879056,0.359513274,0.419247788,0.483038348,0.540929204,0.599188791,0.657079646,0.721238938,0.785029499,0.833702065,0.903023599,0.058238113,0.114264652,0.173239956,0.231846664,0.293033542,0.353851825,0.413195724,0.476225581,0.538518245,0.600073719,0.665683745,0.725764836,0.782528566,0.845927018,0.914485809,0.0677,0.1536,0.2229,0.2499,0.3086,0.375,0.4018,0.5218,0.5739,0.6253,0.675,0.7396,0.7765,0.7943,0.8319,0.0561,0.1206,0.2146,0.2479,0.2841,0.3131,0.3677,0.406,0.4443,0.4844,0.5887,0.6084,0.6465,0.6661,0.7332
2,TM000122,0,2,1.25,510,0.5,7913.753534,7312.444876,7613.099205,0.396017699,0.814528024,410,0.399776036,0.800298619,0.397896868,0.814528024,0.031342183,0.079277286,0.105088496,0.127212389,0.168141593,0.204277286,0.237831858,0.257374631,0.278023599,0.302359882,0.324115044,0.333333333,0.356932153,0.376843658,0.396017699,0.027622247,0.065322882,0.093691676,0.132512131,0.157894737,0.174692049,0.190369541,0.202314296,0.236282195,0.279581934,0.307950728,0.334826428,0.356849571,0.371033968,0.399776036,0.059234731,0.120309051,0.179175865,0.239146431,0.300220751,0.355408389,0.412803532,0.470566593,0.533848418,0.592347314,0.63723326,0.696835909,0.746872701,0.806843267,0.865710081,0.059646539,0.117083947,0.1634757,0.211340206,0.273932253,0.331369661,0.3910162,0.45287187,0.516568483,0.578792342,0.641384389,0.687407953,0.735272459,0.795287187,0.853460972,0.0681,0.1683,0.227,0.2769,0.3583,0.4386,0.498,0.5277,0.5758,0.6349,0.6665,0.6887,0.7495,0.7941,0.836,0.057,0.1271,0.176,0.2379,0.2909,0.321,0.336,0.352,0.4073,0.4781,0.5358,0.5907,0.6305,0.6675,0.7283
1,TM000113,0,2,1.0833,440,0.45,10165.74343,9301.826694,9733.785062,0.36527829,0.903059344,480,0.3857512,0.896271687,0.375514745,0.903059344,0.027276078,0.055657943,0.084408404,0.107261334,0.112053078,0.129745669,0.15849613,0.19572429,0.216734243,0.233321047,0.237375599,0.259122742,0.293402138,0.336896425,0.36527829,0.027316353,0.064599483,0.084902178,0.122185308,0.150609081,0.196382429,0.217423403,0.242155777,0.252860834,0.277224068,0.297526763,0.324843116,0.34588409,0.369509044,0.3857512,0.060818282,0.118319204,0.177294508,0.237007003,0.295982307,0.355326207,0.417250276,0.478437154,0.532620715,0.594544784,0.642830815,0.70844084,0.774050866,0.835237744,0.903059344,0.053525286,0.11664821,0.173126615,0.234403839,0.293466224,0.355112588,0.410852713,0.469915098,0.530084902,0.589147287,0.651162791,0.710594315,0.773348099,0.830195644,0.896271687,0.0819,0.1312,0.1896,0.2351,0.2363,0.2632,0.3233,0.3993,0.4408,0.472,0.4803,0.5338,0.6304,0.7439,0.8073,0.0642,0.1325,0.1773,0.2464,0.2886,0.3824,0.4171,0.4476,0.4717,0.5281,0.5735,0.6208,0.6527,0.6958,0.7289
1,TM000163,1,1,1,290,0.43,9497.630735,8474.552524,8986.09163,0.378687316,0.840339233,560,0.440515654,0.84198895,0.409601485,0.840339233,0.038348083,0.080383481,0.117256637,0.144542773,0.182153392,0.212389381,0.231563422,0.249262537,0.262905605,0.287979351,0.307153392,0.324483776,0.339233038,0.35140118,0.378687316,0.024677716,0.068139963,0.095027624,0.126335175,0.144751381,0.173480663,0.209208103,0.236095764,0.262615101,0.293186004,0.332228361,0.35985267,0.379742173,0.411418048,0.440515654,0.06120944,0.118362832,0.17699115,0.237831858,0.299410029,0.362463127,0.412979351,0.454646018,0.4929941,0.546828909,0.609882006,0.658923304,0.72160767,0.78060472,0.840339233,0.055248619,0.11160221,0.162799263,0.221362799,0.279926335,0.339594843,0.396685083,0.45267035,0.50718232,0.562062615,0.619152855,0.672928177,0.734438306,0.793370166,0.84198895,0.0715,0.127,0.1616,0.2341,0.2749,0.3283,0.374,0.4211,0.4392,0.4682,0.5101,0.5427,0.5655,0.5896,0.6502,0.06,0.1528,0.2009,0.2614,0.3059,0.3651,0.4346,0.4857,0.5282,0.5804,0.665,0.7211,0.7439,0.7996,0.8724
2,TM000119,1,1,1.5,460,0.41,9062.358657,8413.611399,8737.985028,0.392330383,0.890855457,480,0.400663472,0.838555105,0.396496928,0.890855457,0.029498525,0.069690265,0.099557522,0.110619469,0.139749263,0.171091445,0.210914454,0.220132743,0.230088496,0.255899705,0.276179941,0.314896755,0.353613569,0.366519174,0.392330383,0.038702543,0.071876152,0.107261334,0.149649834,0.196830077,0.219314412,0.242535938,0.258385551,0.275709547,0.296350903,0.315149281,0.34832289,0.373387394,0.389974198,0.400663472,0.05899705,0.119469027,0.178097345,0.225294985,0.285029499,0.34439528,0.404129794,0.459070796,0.517699115,0.581858407,0.646017699,0.704277286,0.765486726,0.821533923,0.890855457,0.058606708,0.120899373,0.180980464,0.234795429,0.284555842,0.33984519,0.403243642,0.462587541,0.516771102,0.572429045,0.628455584,0.683007741,0.739771471,0.794323627,0.838555105,0.0844,0.1417,0.1677,0.1808,0.2323,0.2889,0.3545,0.3655,0.3775,0.4202,0.4693,0.5603,0.6366,0.6587,0.7204,0.0674,0.1486,0.2271,0.3181,0.3966,0.4175,0.4673,0.4915,0.5276,0.5697,0.6105,0.6983,0.7424,0.7772,0.8015
2,TM000156,0,2,1.25,460,0.52,9210.795165,8971.540331,9091.167748,0.397790055,0.902762431,450,0.369196758,0.865512159,0.383493407,0.902762431,0.042725599,0.066666667,0.110497238,0.131860037,0.173848987,0.219152855,0.238674033,0.255616943,0.279189687,0.29907919,0.32228361,0.338121547,0.354327808,0.373112339,0.397790055,0.039425203,0.085851142,0.131908622,0.154753132,0.169859985,0.184229919,0.214812085,0.246499632,0.27302874,0.282608696,0.312085483,0.319823139,0.34156227,0.361459101,0.369196758,0.061878453,0.114548803,0.170165746,0.226151013,0.286187845,0.348066298,0.410313076,0.46519337,0.52854512,0.593001842,0.657090239,0.719337017,0.776058932,0.837569061,0.902762431,0.059322034,0.119749447,0.177966102,0.237656595,0.286293294,0.343773029,0.401621223,0.460206338,0.52284451,0.577745026,0.63559322,0.693072955,0.75055269,0.801768607,0.865512159,0.1062,0.1532,0.2435,0.2826,0.3627,0.4503,0.496,0.5366,0.587,0.6314,0.6736,0.7046,0.7333,0.7539,0.8034,0.1021,0.2105,0.3067,0.3457,0.367,0.3827,0.4308,0.4867,0.5479,0.5595,0.6082,0.6181,0.6649,0.7022,0.7144
2,TM000114,1,1,1.25,420,0.48,8167.545381,7711.645886,7939.595634,0.361356932,0.825589971,510,0.4100958,0.810611643,0.385726366,0.825589971,0.027654867,0.061946903,0.091445428,0.118362832,0.159660767,0.183628319,0.206120944,0.229351032,0.234144543,0.249631268,0.279498525,0.296828909,0.315265487,0.335176991,0.361356932,0.036845984,0.062638172,0.089535741,0.114959469,0.149226234,0.15991157,0.186809138,0.207074429,0.225497421,0.259027266,0.302505527,0.329771555,0.358511422,0.38577745,0.4100958,0.058628319,0.104719764,0.158185841,0.219026549,0.279498525,0.341445428,0.400442478,0.448746313,0.490781711,0.545353982,0.603613569,0.657448378,0.715707965,0.769174041,0.825589971,0.058585114,0.103537214,0.155490052,0.210759027,0.268607222,0.310243183,0.365143699,0.418938836,0.467207074,0.527634488,0.588430361,0.635224761,0.695283714,0.751289609,0.810611643,0.0633,0.1238,0.1875,0.26,0.3404,0.3802,0.4262,0.476,0.4795,0.5075,0.5686,0.6078,0.6423,0.6823,0.7271,0.0788,0.1296,0.1661,0.2137,0.2828,0.2948,0.3455,0.3866,0.4123,0.492,0.5768,0.6279,0.6871,0.7437,0.784
2,TM000167,0,2,1.25,410,0.46,8568.251009,8627.966738,8598.108874,0.411352746,0.827497236,390,0.447843715,0.83560634,0.429598231,0.827497236,0.026170291,0.053077774,0.085514191,0.114633247,0.135274604,0.15591596,0.180980464,0.218208625,0.248433468,0.269074825,0.297825286,0.332104681,0.357169185,0.391448581,0.411352746,0.019904165,0.06524143,0.116476226,0.137117582,0.162919278,0.189458164,0.234058238,0.27202359,0.29155916,0.313306303,0.346848507,0.368595651,0.39402875,0.417618872,0.447843715,0.058606708,0.11610763,0.176925912,0.23221526,0.277552525,0.331736086,0.39071139,0.431625507,0.468853668,0.519719867,0.583118319,0.647253962,0.706597862,0.765573166,0.827497236,0.049760413,0.110578695,0.170659786,0.225211942,0.262440103,0.30593439,0.364909694,0.420567637,0.48138592,0.541098415,0.603759676,0.668263914,0.721710284,0.780685588,0.83560634,0.0554,0.1096,0.1671,0.2069,0.2383,0.2725,0.3218,0.3726,0.4153,0.4633,0.5324,0.6161,0.6649,0.7253,0.7571,0.0511,0.1375,0.2495,0.277,0.2801,0.291,0.3432,0.4,0.445,0.4972,0.5733,0.6214,0.6712,0.7197,0.7416
1,TM000137,0,2,1.5,360,0.42,10784.62063,9550.696752,10167.65869,0.357406043,0.93072955,400,0.377115526,0.878587196,0.367260785,0.93072955,0.037214444,0.076271186,0.111274871,0.13596168,0.162122329,0.199705232,0.223655122,0.230655859,0.247605011,0.261606485,0.280029477,0.292925571,0.305821665,0.332350774,0.357406043,0.020603385,0.067696836,0.095658572,0.130610743,0.151214128,0.188741722,0.226637233,0.247240618,0.252023547,0.273730684,0.300956586,0.315305372,0.337380427,0.358351729,0.377115526,0.061164333,0.121223287,0.18128224,0.242078113,0.300294768,0.362196021,0.422623434,0.485998526,0.54605748,0.609064112,0.674281503,0.735077377,0.798084009,0.861459101,0.93072955,0.044885946,0.105960265,0.165194996,0.226269316,0.288447388,0.35062546,0.414275202,0.460264901,0.50919794,0.569168506,0.632450331,0.688741722,0.747976453,0.810154525,0.878587196,0.0666,0.1328,0.1959,0.2456,0.3023,0.3852,0.431,0.4342,0.4677,0.5008,0.5436,0.5723,0.6051,0.6731,0.7372,0.0408,0.1381,0.1919,0.2501,0.2767,0.3438,0.4169,0.485,0.4972,0.5574,0.6168,0.6499,0.6836,0.7247,0.7534
2,TM000162,1,1,1.25,370,0.4,9253.790114,9833.400287,9543.595201,0.369389257,0.865710081,430,0.357511046,0.853460972,0.363450152,0.865710081,0.032744665,0.067328918,0.104856512,0.143487859,0.179175865,0.209345107,0.232155997,0.249816041,0.260853569,0.293966152,0.305739514,0.330022075,0.341059603,0.358719647,0.369389257,0.042341679,0.087628866,0.112297496,0.134756996,0.16826215,0.181885125,0.196612666,0.230486009,0.246686303,0.273195876,0.301546392,0.302282769,0.321428571,0.335787923,0.357511046,0.056415929,0.109882006,0.164454277,0.219026549,0.276917404,0.333333333,0.391224189,0.451327434,0.506637168,0.547566372,0.599926254,0.65560472,0.705752212,0.764380531,0.814528024,0.058230683,0.106009705,0.153788727,0.207913401,0.271743188,0.324374767,0.382232176,0.43747667,0.490108249,0.552071669,0.611048899,0.662560657,0.71556551,0.754385965,0.800298619,0.0646,0.15,0.2313,0.3333,0.416,0.4627,0.4847,0.5014,0.5196,0.5816,0.6034,0.6421,0.6574,0.6946,0.71,0.1387,0.2627,0.3105,0.3641,0.4142,0.4371,0.4663,0.5452,0.582,0.6301,0.6631,0.6641,0.7058,0.7295,0.7693
1,TM000151,0,2,1.75,480,0.52,8117.812409,7682.391052,7900.101731,0.385040531,0.820191599,420,0.34732965,0.81878453,0.366185091,0.820191599,0.025423729,0.054900516,0.081061164,0.111274871,0.144804716,0.175755343,0.191599116,0.225128961,0.247605011,0.274502579,0.311717023,0.348563007,0.361459101,0.375092115,0.385040531,0.01694291,0.047513812,0.076979742,0.098710866,0.117495396,0.149539595,0.163904236,0.184530387,0.216206262,0.231675875,0.253038674,0.269981584,0.29281768,0.312338858,0.34732965,0.056742815,0.115696389,0.175018423,0.231024318,0.287767133,0.349299926,0.38614591,0.443625645,0.495578482,0.552689757,0.606484893,0.662859248,0.702284451,0.752394989,0.820191599,0.049723757,0.104972376,0.167587477,0.21694291,0.267771639,0.319337017,0.372375691,0.426151013,0.483977901,0.543278085,0.598895028,0.650828729,0.699815838,0.758747698,0.81878453,0.0745,0.1416,0.1952,0.2527,0.3287,0.4129,0.4454,0.5175,0.5737,0.6158,0.6977,0.7747,0.7937,0.8257,0.848,0.0321,0.0867,0.1593,0.2049,0.2327,0.2949,0.3053,0.3422,0.3955,0.4241,0.4627,0.4828,0.5259,0.5639,0.6308
2,TM000146,0,2,1.75,440,0.47,9966.052091,8359.73124,9162.891666,0.406561003,0.86103944,410,0.399705015,0.834439528,0.403133009,0.86103944,0.003317361,0.05676373,0.098415039,0.134906008,0.165868043,0.193512717,0.230740877,0.260597125,0.270917803,0.291927755,0.307777368,0.336159233,0.361960929,0.387394029,0.406561003,0.014011799,0.04019174,0.057522124,0.081858407,0.116887906,0.14380531,0.170722714,0.188053097,0.21460177,0.255162242,0.260693215,0.289823009,0.325589971,0.362463127,0.399705015,0.028013269,0.088831552,0.144858091,0.201253225,0.263177295,0.320678216,0.381865094,0.440103207,0.492075194,0.553630667,0.610762993,0.67121268,0.735348323,0.793955031,0.86103944,0.041297935,0.095870206,0.154498525,0.203171091,0.257374631,0.311578171,0.372418879,0.42219764,0.48119469,0.54240413,0.605825959,0.666666667,0.724926254,0.781710914,0.834439528,0.0146,0.1376,0.2244,0.3084,0.3772,0.4283,0.5,0.5403,0.5568,0.5848,0.6129,0.6619,0.6874,0.7268,0.7649,0.028,0.079,0.1123,0.1525,0.2167,0.265,0.3088,0.3363,0.3684,0.4454,0.4548,0.5241,0.593,0.6661,0.7132
1,TM000121,0,2,1.9167,420,0.4,8924.848989,8574.954544,8749.901767,0.437684366,0.887536873,410,0.329771555,0.851879145,0.383727961,0.887536873,0.026917404,0.061578171,0.09439528,0.114675516,0.138274336,0.170722714,0.196533923,0.224926254,0.254056047,0.287610619,0.31379056,0.359144543,0.380162242,0.407079646,0.437684366,0.038319823,0.081061164,0.103537214,0.130803242,0.142593957,0.152173913,0.166543847,0.176860722,0.193441415,0.20449521,0.225865881,0.266396463,0.285924834,0.312453943,0.329771555,0.060840708,0.115412979,0.175884956,0.235619469,0.294247788,0.345870206,0.407079646,0.462020649,0.522123894,0.584439528,0.647123894,0.711651917,0.773230088,0.829646018,0.887536873,0.059322034,0.116433309,0.170596905,0.233235077,0.280766396,0.320191599,0.382461312,0.441783346,0.495578482,0.557111275,0.617170228,0.68128224,0.733971997,0.788504053,0.851879145,0.0726,0.1365,0.1747,0.199,0.2223,0.3024,0.3299,0.353,0.3892,0.4478,0.5055,0.609,0.6399,0.6979,0.7612,0.1274,0.2367,0.2776,0.3176,0.3248,0.3395,0.3712,0.3955,0.4296,0.4549,0.4945,0.5776,0.6143,0.6702,0.7027
1,TM000147,0,2,1.75,410,0.37,7154.006276,8879.13326,8016.569768,0.365781711,0.777654867,340,0.377212389,0.875,0.37149705,0.777654867,0.031710914,0.072640118,0.113938053,0.155973451,0.185471976,0.198377581,0.227507375,0.258112094,0.278023599,0.296091445,0.308628319,0.324115044,0.335914454,0.349557522,0.365781711,0.020280236,0.062315634,0.10840708,0.136061947,0.165560472,0.191740413,0.223820059,0.248893805,0.254056047,0.269911504,0.296828909,0.32079646,0.342920354,0.355825959,0.377212389,0.061578171,0.119469027,0.178834808,0.235619469,0.275811209,0.318584071,0.384218289,0.441371681,0.484882006,0.535029499,0.588864307,0.63679941,0.691740413,0.732669617,0.777654867,0.049041298,0.109882006,0.171828909,0.232669617,0.295722714,0.355088496,0.415929204,0.476032448,0.539454277,0.589970501,0.651179941,0.714970501,0.762536873,0.818584071,0.875,0.0593,0.1227,0.1854,0.2671,0.3201,0.352,0.4204,0.5021,0.551,0.5941,0.6272,0.6608,0.6766,0.7121,0.7531,0.0338,0.14,0.2521,0.3104,0.3691,0.426,0.4793,0.5198,0.5198,0.5482,0.586,0.6361,0.6723,0.6771,0.7089
2,TM000130,1,1,1.9167,370,0.51,8617.748484,9780.383043,9199.065764,0.374262537,0.85140118,430,0.399042004,0.890567428,0.386652271,0.85140118,0.009218289,0.046828909,0.087020649,0.121681416,0.155973451,0.186578171,0.206120944,0.23119469,0.255530973,0.278761062,0.299410029,0.312684366,0.339970501,0.346238938,0.374262537,0.025055269,0.072586588,0.100221076,0.1366986,0.185703758,0.20560059,0.22807664,0.251658069,0.275976419,0.305821665,0.322402358,0.343773029,0.367722918,0.382461312,0.399042004,0.049041298,0.109513274,0.167035398,0.228613569,0.286504425,0.350294985,0.408923304,0.468289086,0.532448378,0.576327434,0.624631268,0.684365782,0.743362832,0.787241888,0.85140118,0.057111275,0.119749447,0.177229182,0.237288136,0.299557848,0.361459101,0.424465733,0.486735446,0.537951363,0.596904937,0.65843773,0.717022845,0.768238762,0.826455416,0.890567428,0.0195,0.0738,0.1508,0.2313,0.2866,0.3421,0.4047,0.432,0.479,0.5127,0.5541,0.588,0.6444,0.6524,0.6996,0.0664,0.1784,0.2336,0.2996,0.407,0.4148,0.457,0.4946,0.5468,0.5998,0.6253,0.6676,0.711,0.7371,0.7599
1,TM000128,1,1,1.75,230,0.46,9180.103823,8893.464212,9036.784018,0.45467944,0.783714075,460,0.359380759,0.854773314,0.4070301,0.783714075,0.030582167,0.065585851,0.095062638,0.128960943,0.15806927,0.187914517,0.225128961,0.270081061,0.308769344,0.34008843,0.384672071,0.403095063,0.414148858,0.442520265,0.45467944,0.040176926,0.087357169,0.109472908,0.14154073,0.178400295,0.208993734,0.234426834,0.250645042,0.264651677,0.284187247,0.302617029,0.315149281,0.336159233,0.342056764,0.359380759,0.053058217,0.11459101,0.179071481,0.242815033,0.29476787,0.347826087,0.382829772,0.423728814,0.458364038,0.502210759,0.562638172,0.620117907,0.677966102,0.739867354,0.783714075,0.057869517,0.116844821,0.161813491,0.220788795,0.280869886,0.340213785,0.404718024,0.468116476,0.525985993,0.584961297,0.64577958,0.698857353,0.749723553,0.795060818,0.854773314,0.0741,0.1545,0.1965,0.2553,0.2932,0.3406,0.3672,0.4146,0.4462,0.4629,0.5561,0.5713,0.59,0.6208,0.6396,0.1201,0.2406,0.2862,0.3589,0.4528,0.5161,0.5569,0.589,0.6224,0.671,0.7174,0.738,0.7773,0.7828,0.8159
2,TM000123,1,1,1.75,280,0.44,8853.765727,7163.484415,8008.625071,0.336283186,0.82300885,530,0.40339233,0.850663717,0.369837758,0.82300885,0.036504425,0.043879056,0.080014749,0.126474926,0.169247788,0.204646018,0.222713864,0.233775811,0.255530973,0.273967552,0.284660767,0.29719764,0.308628319,0.316740413,0.336283186,0.027654867,0.06600295,0.102876106,0.131637168,0.154498525,0.192846608,0.220870206,0.243731563,0.266224189,0.289085546,0.320058997,0.328171091,0.348451327,0.371681416,0.40339233,0.056047198,0.084070796,0.139011799,0.200221239,0.262905605,0.324852507,0.385324484,0.435471976,0.494100295,0.556415929,0.619100295,0.659660767,0.701327434,0.757743363,0.82300885,0.059734513,0.112831858,0.173672566,0.234513274,0.283554572,0.344026549,0.398230088,0.451696165,0.515117994,0.576327434,0.6320059,0.671828909,0.72640118,0.785029499,0.850663717,0.0851,0.0972,0.1686,0.2743,0.3695,0.4552,0.4802,0.5017,0.5428,0.5678,0.5705,0.5882,0.6079,0.6257,0.6738,0.0481,0.1231,0.1824,0.2369,0.2805,0.3631,0.4183,0.4592,0.5123,0.5478,0.6145,0.6244,0.6669,0.7069,0.7791
2,TM000140,1,1,1.5833,380,0.44,7662.22453,9214.618541,8438.421536,0.360988201,0.869837758,400,0.364506627,0.851251841,0.362747414,0.869837758,0.014011799,0.04719764,0.072271386,0.096976401,0.140486726,0.178834808,0.196533923,0.219764012,0.235988201,0.258849558,0.281342183,0.301253687,0.322271386,0.34660767,0.360988201,0.033505155,0.074742268,0.106038292,0.139175258,0.167157585,0.192194404,0.197717231,0.229749632,0.262150221,0.268041237,0.301546392,0.309278351,0.316642121,0.344624448,0.364506627,0.057522124,0.112094395,0.172935103,0.22640118,0.287979351,0.348451327,0.407079646,0.467551622,0.529498525,0.590707965,0.639749263,0.694690265,0.753318584,0.811946903,0.869837758,0.057805596,0.111561119,0.169366716,0.227540501,0.291605302,0.344992636,0.381811487,0.439617084,0.504418262,0.550441826,0.614874816,0.664212077,0.722385862,0.785346097,0.851251841,0.026,0.1034,0.1568,0.2094,0.3049,0.3663,0.3916,0.4289,0.4528,0.5082,0.5567,0.588,0.6377,0.6788,0.7045,0.0868,0.1557,0.2115,0.2578,0.3097,0.3568,0.358,0.4298,0.5009,0.5158,0.6011,0.6223,0.6388,0.7078,0.7464
1,TM000164,0,2,1.4167,390,0.4,9151.630735,8309.439826,8730.535281,0.409492274,0.887417219,400,0.329893107,0.800589753,0.369692691,0.887417219,0.01986755,0.060706402,0.091243561,0.119573216,0.136865342,0.166298749,0.196835909,0.227005151,0.250183959,0.273362767,0.30941869,0.335172921,0.378587196,0.394039735,0.409492274,0.009952083,0.056395135,0.084777,0.116844821,0.151492812,0.178031699,0.184297825,0.192038334,0.205307777,0.224474751,0.246959086,0.278658312,0.289347586,0.31441209,0.329893107,0.057395143,0.11589404,0.174760854,0.236203091,0.296909492,0.353200883,0.412435614,0.46946284,0.532376748,0.589036056,0.652685798,0.711184695,0.772626932,0.818984547,0.887417219,0.034279396,0.096940656,0.155547365,0.21267969,0.268706229,0.330261703,0.377073351,0.432362698,0.477331367,0.527460376,0.584961297,0.64577958,0.69996314,0.748249171,0.800589753,0.0548,0.1115,0.1417,0.1732,0.2105,0.2779,0.3541,0.4041,0.4526,0.4881,0.5632,0.6151,0.6934,0.7167,0.747,0.0401,0.1598,0.2127,0.2743,0.3366,0.3937,0.4037,0.4147,0.4482,0.4874,0.5397,0.6022,0.6215,0.6733,0.7037
2,TM000150,0,2,1.9167,450,0.44,9084.576911,8910.777921,8997.677416,0.394698085,0.871870398,420,0.379145173,0.860722181,0.386921629,0.871870398,0.032400589,0.065537555,0.086156112,0.114138439,0.135861561,0.170471281,0.194035346,0.219808542,0.237481591,0.254786451,0.293078056,0.342415317,0.367083947,0.377393225,0.394698085,0.032056006,0.072955048,0.100221076,0.125644805,0.154384672,0.169491525,0.188651437,0.220338983,0.247605011,0.275607959,0.291451732,0.306558585,0.335666912,0.357774503,0.379145173,0.058910162,0.11634757,0.174889543,0.229749632,0.283873343,0.337997054,0.39359352,0.451399116,0.509204713,0.572533137,0.63365243,0.692562592,0.753313697,0.8044919,0.871870398,0.058953574,0.119749447,0.179439941,0.235814296,0.289609433,0.342667649,0.397568165,0.447678703,0.505158438,0.564848931,0.627855564,0.684598379,0.747605011,0.801031688,0.860722181,0.0845,0.1473,0.1795,0.2334,0.2752,0.3385,0.3807,0.4305,0.4683,0.5028,0.5798,0.6857,0.7292,0.7449,0.7713,0.0538,0.1288,0.1904,0.2437,0.3166,0.3403,0.3705,0.401,0.4469,0.4908,0.5268,0.5522,0.612,0.6411,0.6771
2,TM000165,0,2,1,420,0.48,9238.062192,8823.907863,9030.985028,0.392330383,0.875,410,0.416144489,0.840029488,0.404237436,0.875,0.029867257,0.057153392,0.068584071,0.100294985,0.114306785,0.137905605,0.160766962,0.199483776,0.237831858,0.277286136,0.307890855,0.326696165,0.350663717,0.368731563,0.392330383,0.028381865,0.054183561,0.072981939,0.096203465,0.13306303,0.165130851,0.18982676,0.213048286,0.24069296,0.262071508,0.29155916,0.326944342,0.362329525,0.386656837,0.416144489,0.061578171,0.109513274,0.153023599,0.212389381,0.274336283,0.335914454,0.396386431,0.452064897,0.514749263,0.575958702,0.635324484,0.692109145,0.755162242,0.810840708,0.875,0.052340582,0.094360487,0.142646517,0.193512717,0.253593808,0.317360855,0.376336159,0.436785846,0.498709915,0.558791006,0.606708441,0.653520088,0.715444158,0.776631036,0.840029488,0.0593,0.105,0.117,0.1851,0.2112,0.255,0.3019,0.36,0.4252,0.5008,0.5622,0.5992,0.6523,0.6948,0.7412,0.0681,0.1193,0.14,0.1852,0.2667,0.3294,0.3674,0.416,0.4789,0.5167,0.5481,0.5841,0.6185,0.6301,0.7066
1,TM000120,0,2,1.5,410,0.47,9580.927199,8770.121067,9175.524133,0.393668529,0.830912477,410,0.344026549,0.845870206,0.368847539,0.830912477,0.046182495,0.097206704,0.118063315,0.160521415,0.203724395,0.226070764,0.246182495,0.270018622,0.290502793,0.306145251,0.336312849,0.347113594,0.360893855,0.375791434,0.393668529,0.029498525,0.05199115,0.098820059,0.134587021,0.152654867,0.172935103,0.192109145,0.220870206,0.227876106,0.24520649,0.248893805,0.275442478,0.303834808,0.32079646,0.344026549,0.06443203,0.126629423,0.185102421,0.247299814,0.311359404,0.364990689,0.427932961,0.489013035,0.537802607,0.586219739,0.639106145,0.66443203,0.707635009,0.773929236,0.830912477,0.054941003,0.101769912,0.164454277,0.228244838,0.287241888,0.348082596,0.41039823,0.458333333,0.497787611,0.542035398,0.604719764,0.664454277,0.726032448,0.782079646,0.845870206,0.1275,0.2118,0.2459,0.3345,0.4252,0.4773,0.5148,0.5418,0.5775,0.6152,0.6508,0.651,0.6792,0.7135,0.753,0.0834,0.1114,0.243,0.3207,0.3388,0.376,0.4053,0.4647,0.4702,0.5001,0.5019,0.5592,0.6163,0.6535,0.6947
2,TM000154,1,1,1.4167,420,0.45,9669.353606,8187.126117,8928.239862,0.429413933,0.894581644,360,0.383112094,0.848082596,0.406263014,0.894581644,0.034647991,0.0762993,0.116844821,0.148544047,0.192775525,0.205307777,0.239587173,0.279395503,0.322152599,0.338370807,0.354589016,0.373018798,0.395134537,0.40766679,0.429413933,0.01880531,0.061578171,0.099557522,0.112094395,0.138643068,0.174041298,0.206489676,0.245943953,0.280235988,0.306415929,0.317846608,0.346976401,0.35840708,0.374262537,0.383112094,0.063029856,0.125322521,0.187983782,0.253225212,0.315886473,0.363803907,0.424622189,0.488757833,0.551787689,0.604128271,0.652045706,0.714338371,0.776999631,0.832288979,0.894581644,0.05420354,0.115781711,0.163716814,0.20980826,0.259587021,0.321533923,0.371312684,0.431047198,0.490412979,0.552728614,0.616150442,0.67920354,0.742256637,0.795353982,0.848082596,0.0606,0.1034,0.1756,0.2264,0.2921,0.3065,0.3554,0.4699,0.5586,0.5819,0.6176,0.6599,0.702,0.7218,0.7678,0.0335,0.0834,0.1424,0.1716,0.2115,0.2685,0.2917,0.3958,0.4672,0.5126,0.5315,0.599,0.6297,0.6605,0.6734
1,TM000158,0,2,1.6667,350,0.43,9912.105915,9369.981023,9641.043469,0.394505495,0.834798535,310,0.417035398,0.829277286,0.405770447,0.834798535,0.03956044,0.084615385,0.118315018,0.140659341,0.165201465,0.175824176,0.187545788,0.211721612,0.236630037,0.25970696,0.272527473,0.286813187,0.323809524,0.383882784,0.394505495,0.030973451,0.071165192,0.112831858,0.140486726,0.151548673,0.182890855,0.20280236,0.248156342,0.262536873,0.294616519,0.323377581,0.347713864,0.36320059,0.387168142,0.417035398,0.061172161,0.117582418,0.178021978,0.241025641,0.296336996,0.332967033,0.378388278,0.431868132,0.487179487,0.548717949,0.595238095,0.640659341,0.705494505,0.773260073,0.834798535,0.058628319,0.114675516,0.170722714,0.227507375,0.269542773,0.324852507,0.387905605,0.449483776,0.509587021,0.571533923,0.634218289,0.684365782,0.717182891,0.772123894,0.829277286,0.0786,0.1604,0.2377,0.2669,0.2897,0.3027,0.3131,0.3531,0.3948,0.4229,0.4439,0.4711,0.5583,0.7334,0.7561,0.0432,0.1088,0.187,0.2317,0.2417,0.2931,0.3275,0.4031,0.4307,0.4896,0.5254,0.5325,0.5639,0.6178,0.6784
1,TM000155,1,1,1.25,350,0.49,8525.978931,7469.881384,7997.930158,0.354957612,0.802064136,440,0.343773029,0.808769344,0.349365321,0.802064136,0.042757095,0.080353852,0.100995208,0.147069665,0.175082934,0.200147438,0.228529303,0.257279764,0.286030225,0.308883155,0.328050129,0.335422042,0.340213785,0.343531146,0.354957612,0.030582167,0.070744289,0.103905674,0.1366986,0.15917465,0.197862933,0.234340457,0.257553427,0.274871039,0.292925571,0.305084746,0.312822402,0.323139278,0.335298452,0.343773029,0.062661261,0.107998526,0.148175452,0.209730925,0.266863251,0.317729451,0.369332842,0.428308146,0.490232215,0.549576115,0.593438997,0.646148175,0.703649097,0.752672318,0.802064136,0.053426676,0.104274134,0.153279293,0.198968312,0.260132646,0.314296242,0.368091378,0.424834193,0.484524687,0.538319823,0.592851879,0.646278556,0.701915991,0.759395726,0.808769344,0.1144,0.2154,0.2371,0.322,0.3788,0.4094,0.4476,0.4979,0.5736,0.6222,0.6683,0.6715,0.6733,0.6754,0.7013,0.0932,0.1904,0.2646,0.3274,0.372,0.467,0.5427,0.5753,0.6046,0.6388,0.6633,0.681,0.7016,0.7211,0.7306
1,TM000109,1,1,1.9167,330,0.49,8164.339321,8854.258152,8509.298737,0.348451327,0.839233038,340,0.397714707,0.833394766,0.373083017,0.839233038,0.037241888,0.08259587,0.105088496,0.142330383,0.151917404,0.186946903,0.226032448,0.251843658,0.26179941,0.277654867,0.285766962,0.294247788,0.318215339,0.331489676,0.348451327,0.03133063,0.075193513,0.115739034,0.145226686,0.175082934,0.196830077,0.239218577,0.250645042,0.266494655,0.284187247,0.309988942,0.330261703,0.34832289,0.376704755,0.397714707,0.060840708,0.114675516,0.162241888,0.221238938,0.264011799,0.324115044,0.382374631,0.445427729,0.499631268,0.560471976,0.618731563,0.670353982,0.726032448,0.779867257,0.839233038,0.0508662,0.10762993,0.164025065,0.223368964,0.283450055,0.344268338,0.398083303,0.440103207,0.489495024,0.530777737,0.594176189,0.657206045,0.718392923,0.775893844,0.833394766,0.0913,0.1669,0.2071,0.2793,0.2835,0.3576,0.4354,0.4767,0.4927,0.5228,0.5311,0.5375,0.5709,0.5866,0.6301,0.0648,0.1431,0.2063,0.252,0.3266,0.3641,0.4395,0.4643,0.4857,0.5148,0.5644,0.6196,0.6693,0.7376,0.7941
2,TM000131,0,2,1.4167,360,0.44,9392.512986,9062.383043,9227.448015,0.297935103,0.813421829,440,0.406710914,0.869469027,0.352323009,0.813421829,0.035766962,0.074852507,0.099926254,0.115044248,0.144174041,0.17920354,0.197640118,0.202433628,0.223082596,0.230088496,0.233038348,0.254056047,0.264749263,0.284292035,0.297935103,0.036504425,0.060840708,0.08480826,0.109513274,0.139011799,0.164085546,0.203539823,0.233038348,0.2570059,0.278023599,0.293879056,0.318584071,0.344764012,0.378687316,0.406710914,0.063421829,0.123893805,0.184365782,0.239306785,0.297935103,0.359144543,0.406710914,0.432153392,0.480825959,0.540929204,0.585176991,0.647492625,0.711283186,0.756268437,0.813421829,0.061578171,0.119469027,0.179941003,0.23119469,0.287979351,0.345132743,0.406710914,0.461283186,0.510324484,0.567109145,0.620575221,0.686946903,0.749631268,0.806784661,0.869469027,0.0895,0.1832,0.2243,0.2565,0.3282,0.4168,0.4536,0.4674,0.515,0.5314,0.5314,0.5778,0.5894,0.6366,0.6653,0.0713,0.1086,0.1575,0.2037,0.279,0.3123,0.378,0.4264,0.4501,0.4871,0.5153,0.5824,0.6238,0.6955,0.7461
1,TM000115,1,1,2.1667,370,0.45,8726.446968,8935.547473,8830.997221,0.355825959,0.84439528,460,0.387536873,0.881637168,0.371681416,0.84439528,0.031342183,0.064528024,0.111725664,0.141224189,0.169985251,0.208333333,0.23820059,0.265855457,0.273967552,0.283923304,0.295722714,0.301622419,0.32079646,0.337389381,0.355825959,0.026917404,0.059365782,0.087020649,0.125,0.146386431,0.175516224,0.212020649,0.237463127,0.252581121,0.273967552,0.287241888,0.305309735,0.333702065,0.361725664,0.387536873,0.060103245,0.119837758,0.177359882,0.232669617,0.293510324,0.354719764,0.411135693,0.470501475,0.532079646,0.588864307,0.642330383,0.707964602,0.761061947,0.800147493,0.84439528,0.054572271,0.115412979,0.175147493,0.237094395,0.293510324,0.348451327,0.407079646,0.467551622,0.523967552,0.584070796,0.646386431,0.703539823,0.762536873,0.814159292,0.881637168,0.0643,0.1262,0.2044,0.2629,0.3117,0.3858,0.4464,0.4912,0.5061,0.5244,0.5359,0.5377,0.5711,0.6039,0.6329,0.0537,0.1282,0.1739,0.2393,0.2942,0.3521,0.424,0.4702,0.4929,0.5495,0.5751,0.619,0.6778,0.7246,0.7661
1,TM000118,1,1,1.25,350,0.42,8381.29769,8328.356565,8354.827128,0.370575221,0.840707965,560,0.387702504,0.858247423,0.379138863,0.840707965,0.021386431,0.060840708,0.087758112,0.120575221,0.149336283,0.170353982,0.19579646,0.212758112,0.228982301,0.242256637,0.262905605,0.287979351,0.30199115,0.337389381,0.370575221,0.026877761,0.061119293,0.084683358,0.10640648,0.117820324,0.144698085,0.167525773,0.196244477,0.219808542,0.246686303,0.25736377,0.288291605,0.305596465,0.348674521,0.387702504,0.048672566,0.10140118,0.158185841,0.213864307,0.269542773,0.325589971,0.3820059,0.434734513,0.490044248,0.546091445,0.60140118,0.658923304,0.71939528,0.779867257,0.840707965,0.061487482,0.114506627,0.165684831,0.223122239,0.265832106,0.325846834,0.385493373,0.444771723,0.505154639,0.567010309,0.622606775,0.673784978,0.734167894,0.79712813,0.858247423,0.0439,0.1096,0.161,0.2173,0.275,0.2924,0.3428,0.3793,0.406,0.4284,0.4656,0.5092,0.5232,0.5822,0.6285,0.058,0.129,0.1813,0.2193,0.241,0.3087,0.3475,0.4047,0.449,0.4915,0.4993,0.5508,0.5744,0.6804,0.7672
2,TM000103,1,1,2,330,0.5,8988.469263,9020.410388,9004.439826,0.411721342,0.852930335,390,0.354458364,0.893146647,0.383089853,0.852930335,0.034279396,0.08809436,0.13048286,0.171028382,0.208256543,0.245853299,0.275709547,0.315517877,0.326207151,0.341319572,0.361223738,0.369701438,0.387762624,0.398451898,0.411721342,0.029476787,0.06890199,0.106853353,0.135224761,0.161753869,0.175386883,0.208916728,0.2266028,0.241341194,0.257184967,0.285924834,0.291451732,0.301031688,0.323507738,0.354458364,0.057132326,0.117582013,0.177663104,0.232583856,0.274235164,0.326207151,0.38555105,0.448212311,0.502764467,0.561371176,0.621820863,0.686693697,0.748986362,0.80169554,0.852930335,0.052321297,0.107958732,0.166912307,0.22807664,0.287767133,0.351142225,0.413411938,0.471997052,0.532792926,0.592114959,0.649594694,0.709285188,0.765291083,0.828297716,0.893146647,0.0808,0.1987,0.2729,0.332,0.3465,0.3871,0.4382,0.5277,0.5512,0.579,0.616,0.6345,0.6602,0.6813,0.696,0.0817,0.1621,0.2172,0.2404,0.2681,0.2871,0.3647,0.413,0.4433,0.4799,0.5456,0.5537,0.5703,0.6103,0.6939
1,TM000132,1,1,2.3333,380,0.49,6358.555483,8238.256059,7298.405771,0.341445428,0.702433628,410,0.364306785,0.835176991,0.352876107,0.702433628,0.022123894,0.065634218,0.088864307,0.107300885,0.121681416,0.144542773,0.174410029,0.213495575,0.252581121,0.266961652,0.275442478,0.293141593,0.315265487,0.324115044,0.341445428,0.012168142,0.043510324,0.076696165,0.119469027,0.157448378,0.192477876,0.220501475,0.244100295,0.264749263,0.283923304,0.293141593,0.303466077,0.311578171,0.329646018,0.364306785,0.053097345,0.105088496,0.151548673,0.194321534,0.231932153,0.269911504,0.310840708,0.369837758,0.430309735,0.470870206,0.514749263,0.546460177,0.598820059,0.64859882,0.702433628,0.043141593,0.091445428,0.140855457,0.197640118,0.250737463,0.306047198,0.366150442,0.426622419,0.485619469,0.544985251,0.605088496,0.654867257,0.703539823,0.765486726,0.835176991,0.0479,0.1528,0.189,0.2401,0.2574,0.2827,0.3474,0.4091,0.5055,0.5283,0.5411,0.5735,0.6153,0.628,0.6643,0.0212,0.0777,0.1351,0.2267,0.2853,0.3398,0.393,0.4441,0.4836,0.5205,0.5428,0.5722,0.5905,0.6289,0.7237
2,TM000116,0,2,1.8333,440,0.46,9150.785063,8660.13326,8905.459162,0.386061947,0.890117994,360,0.455014749,0.818952802,0.420538348,0.890117994,0.029498525,0.062684366,0.094764012,0.124631268,0.156710914,0.196533923,0.215339233,0.2429941,0.266961652,0.283185841,0.300516224,0.319690265,0.330752212,0.365412979,0.386061947,0.03060472,0.075221239,0.112463127,0.15560472,0.189528024,0.228244838,0.252581121,0.279498525,0.306047198,0.335176991,0.359882006,0.37979351,0.397861357,0.417035398,0.455014749,0.061578171,0.125,0.18399705,0.242625369,0.296091445,0.353244838,0.408554572,0.472345133,0.530235988,0.583702065,0.64380531,0.706489676,0.762168142,0.822271386,0.890117994,0.055678466,0.11320059,0.170353982,0.230088496,0.280235988,0.334070796,0.397123894,0.449115044,0.487463127,0.542035398,0.582227139,0.638643068,0.693584071,0.753318584,0.818952802,0.0606,0.1447,0.2116,0.2665,0.3234,0.3994,0.4313,0.4769,0.5186,0.5548,0.5922,0.6336,0.6492,0.7098,0.7446,0.0677,0.1445,0.1784,0.2336,0.2586,0.3039,0.3546,0.397,0.3983,0.4404,0.4607,0.4947,0.527,0.563,0.641
2,TM000141,0,2,1.5833,510,0.41,8670.861182,9396.873375,9033.867279,0.393067847,0.821165192,360,0.355457227,0.829646018,0.374262537,0.821165192,0.034660767,0.05420354,0.074852507,0.090707965,0.130162242,0.15339233,0.177359882,0.205383481,0.223451327,0.244100295,0.275442478,0.300516224,0.333702065,0.353982301,0.393067847,0.029129794,0.065265487,0.095870206,0.121312684,0.154129794,0.189159292,0.216445428,0.23820059,0.252949853,0.259955752,0.285029499,0.298672566,0.315265487,0.336651917,0.355457227,0.05899705,0.103982301,0.156710914,0.210914454,0.266961652,0.322271386,0.375,0.432522124,0.485988201,0.537610619,0.59660767,0.657448378,0.71460177,0.762905605,0.821165192,0.057522124,0.114306785,0.167772861,0.216814159,0.276548673,0.331858407,0.392699115,0.452064897,0.501474926,0.548672566,0.603982301,0.661135693,0.71460177,0.765117994,0.829646018,0.0896,0.113,0.15,0.1739,0.2333,0.2725,0.3328,0.3898,0.415,0.4629,0.5224,0.5673,0.6399,0.6727,0.7514,0.0511,0.1144,0.1773,0.2249,0.2839,0.3472,0.3974,0.429,0.4487,0.4663,0.4805,0.5032,0.5397,0.5987,0.6322
1,TM000108,1,1,1.75,270,0.44,9611.790114,7329.136218,8470.463166,0.390486726,0.85619469,480,0.372787611,0.837758112,0.381637169,0.85619469,0.026548673,0.072271386,0.104351032,0.121681416,0.157079646,0.185471976,0.205014749,0.229351032,0.256268437,0.27839233,0.291666667,0.309734513,0.338864307,0.363569322,0.390486726,0.022861357,0.047566372,0.070058997,0.096238938,0.120575221,0.14380531,0.157817109,0.178834808,0.206858407,0.228982301,0.267699115,0.310840708,0.338126844,0.358038348,0.372787611,0.056784661,0.112831858,0.161504425,0.203539823,0.251843658,0.31379056,0.378318584,0.441740413,0.5,0.560471976,0.615781711,0.666297935,0.72640118,0.787610619,0.85619469,0.058259587,0.105088496,0.158185841,0.212758112,0.26659292,0.326327434,0.369469027,0.428097345,0.483038348,0.540560472,0.601032448,0.662610619,0.714970501,0.776179941,0.837758112,0.0529,0.1433,0.2113,0.2289,0.2966,0.3291,0.3762,0.4109,0.4626,0.4975,0.5244,0.5321,0.5368,0.5736,0.6374,0.0435,0.0813,0.133,0.1778,0.2215,0.2717,0.2993,0.3454,0.3897,0.4287,0.5233,0.6309,0.683,0.7168,0.7437
2,TM000157,1,1,1.9167,480,0.51,8420.287589,9567.838887,8994.063238,0.384218289,0.862831858,270,0.397714707,0.845189827,0.390966498,0.862831858,0.012168142,0.046828909,0.081489676,0.109144543,0.142699115,0.178834808,0.206858407,0.224188791,0.25,0.277286136,0.31120944,0.321533923,0.341076696,0.368731563,0.384218289,0,0.043862882,0.075562108,0.106892739,0.131957243,0.165130851,0.194249908,0.245484703,0.275340951,0.296719499,0.323258386,0.349060081,0.363803907,0.377441946,0.397714707,0.044985251,0.096976401,0.158185841,0.21460177,0.276179941,0.330752212,0.385693215,0.447640118,0.507743363,0.568952802,0.622787611,0.674410029,0.734144543,0.796828909,0.862831858,0.033542204,0.097309252,0.157390343,0.217471434,0.267231847,0.31183192,0.369701438,0.431256911,0.484334685,0.545890158,0.60081091,0.661629193,0.723184666,0.788794692,0.845189827,0.0268,0.0837,0.1476,0.209,0.2741,0.3375,0.3906,0.4175,0.4737,0.5113,0.5793,0.5853,0.6283,0.6771,0.702,0,0.0785,0.1144,0.1527,0.179,0.1907,0.2523,0.366,0.4465,0.4866,0.5326,0.5663,0.5863,0.6185,0.6701
2,TM000133,1,1,2.5,370,0.61,8148.143361,8454.912914,8301.528138,0.385324484,0.858038348,410,0.387536873,0.849557522,0.386430679,0.858038348,0.026917404,0.064896755,0.088495575,0.104351032,0.125368732,0.164454277,0.187684366,0.205014749,0.213495575,0.243731563,0.267699115,0.29719764,0.330752212,0.362831858,0.385324484,0.019911504,0.05199115,0.074852507,0.106563422,0.126843658,0.151548673,0.169247788,0.186946903,0.223082596,0.257374631,0.291666667,0.318584071,0.341076696,0.366150442,0.387536873,0.05899705,0.120575221,0.174778761,0.234882006,0.283923304,0.342551622,0.40339233,0.450221239,0.508112094,0.566371681,0.625368732,0.679941003,0.732669617,0.794985251,0.858038348,0.053097345,0.108038348,0.163716814,0.213495575,0.274705015,0.333702065,0.37979351,0.428097345,0.483775811,0.544247788,0.603982301,0.666666667,0.727507375,0.784292035,0.849557522,0.0521,0.1163,0.1509,0.1798,0.208,0.275,0.3067,0.346,0.3591,0.4183,0.4514,0.4947,0.5739,0.6226,0.6663,0.031,0.0861,0.1184,0.1566,0.1992,0.2455,0.2697,0.3036,0.3714,0.4336,0.4785,0.53,0.5831,0.6485,0.6975
1,TM000136,0,2,1.75,390,0.44,9825.500792,7954.314934,8889.907863,0.403761062,0.87979351,350,0.343657817,0.757743363,0.37370944,0.87979351,0.042035398,0.088126844,0.133112094,0.154498525,0.193215339,0.217551622,0.248525074,0.264749263,0.289085546,0.307153392,0.334070796,0.350294985,0.367625369,0.378687316,0.403761062,0.003687316,0.031710914,0.053097345,0.075221239,0.111725664,0.136061947,0.169616519,0.195058997,0.207964602,0.222713864,0.254424779,0.280973451,0.305678466,0.327064897,0.343657817,0.060103245,0.121681416,0.181784661,0.237094395,0.29719764,0.35840708,0.42219764,0.477507375,0.537241888,0.595870206,0.655973451,0.71460177,0.762905605,0.810103245,0.87979351,0.035029499,0.067477876,0.106563422,0.158554572,0.209070796,0.257374631,0.310840708,0.365781711,0.414823009,0.474188791,0.533554572,0.591076696,0.653023599,0.717182891,0.757743363,0.1314,0.2286,0.3199,0.3602,0.4462,0.4805,0.5207,0.5261,0.5671,0.5761,0.6121,0.6459,0.667,0.6957,0.7423,0.0076,0.0755,0.0987,0.1343,0.1937,0.2411,0.3131,0.3506,0.3751,0.4217,0.475,0.5028,0.5307,0.5824,0.6119
2,TM000149,1,1,1.3333,370,0.38,9356.73124,7497.153462,8426.942351,0.361529974,0.826038985,430,0.359513274,0.823377581,0.360521624,0.826038985,0.03236484,0.083486576,0.132769401,0.177638838,0.196027951,0.212578154,0.23464509,0.271055535,0.280617874,0.289812431,0.309304892,0.324383965,0.332842957,0.344244207,0.361529974,0.022861357,0.066740413,0.115044248,0.145280236,0.182153392,0.205383481,0.234144543,0.251474926,0.28060472,0.29719764,0.305678466,0.311946903,0.330014749,0.344026549,0.359513274,0.055535123,0.116219198,0.175799926,0.233173961,0.275836705,0.324383965,0.384332475,0.44170651,0.503493932,0.551305627,0.60684075,0.654652446,0.70393527,0.765722692,0.826038985,0.051622419,0.109513274,0.165929204,0.227876106,0.283185841,0.326696165,0.380530973,0.436578171,0.494469027,0.550516224,0.608775811,0.644542773,0.694690265,0.756268437,0.823377581,0.0839,0.1647,0.278,0.3637,0.4139,0.4493,0.4893,0.5271,0.5361,0.5391,0.5654,0.5866,0.6006,0.6216,0.6488,0.0509,0.1277,0.2188,0.2717,0.3456,0.3888,0.443,0.4625,0.5197,0.5597,0.579,0.5949,0.6335,0.6664,0.7038
2,TM000143,1,1,1.25,410,0.42,8741.647978,8169.236724,8455.442351,0.342551622,0.833702065,400,0.377581121,0.883480826,0.360066372,0.833702065,0.022123894,0.048672566,0.07300885,0.10840708,0.12979351,0.150811209,0.174041298,0.183628319,0.196902655,0.221238938,0.249631268,0.264749263,0.290560472,0.31120944,0.342551622,0.019174041,0.041666667,0.080383481,0.11320059,0.143067847,0.175147493,0.207227139,0.242625369,0.264011799,0.283185841,0.289085546,0.309365782,0.326327434,0.342920354,0.377581121,0.056784661,0.115412979,0.169616519,0.227138643,0.28539823,0.338495575,0.398967552,0.455014749,0.512168142,0.568215339,0.62020649,0.661873156,0.711651917,0.765486726,0.833702065,0.056047198,0.111356932,0.170353982,0.225663717,0.283923304,0.340339233,0.401179941,0.463495575,0.523230088,0.571165192,0.627949853,0.684734513,0.750368732,0.815634218,0.883480826,0.0607,0.1095,0.1547,0.2374,0.2753,0.3184,0.3734,0.3898,0.4143,0.4508,0.5038,0.5246,0.5614,0.6023,0.6834,0.0397,0.074,0.1567,0.23,0.2867,0.3397,0.4003,0.4693,0.5049,0.5226,0.5259,0.5613,0.5974,0.6079,0.6588
1,TM000107,0,2,2.0833,340,0.58,8076.741341,8337.268253,8207.004797,0.346961326,0.790423573,260,0.347713864,0.793510324,0.347337595,0.790423573,0.036095764,0.074769797,0.099815838,0.122651934,0.157642726,0.1893186,0.216574586,0.232780847,0.267034991,0.294290976,0.308655617,0.320441989,0.326335175,0.328913444,0.346961326,0.019542773,0.058259587,0.088495575,0.121312684,0.152654867,0.163348083,0.183628319,0.209439528,0.240781711,0.275811209,0.297935103,0.307890855,0.32780236,0.344764012,0.347713864,0.050828729,0.088766114,0.127071823,0.182320442,0.239779006,0.299447514,0.345119705,0.384898711,0.446777164,0.507918969,0.560957643,0.603683241,0.664825046,0.724493554,0.790423573,0.050147493,0.105825959,0.158185841,0.211651917,0.267330383,0.301622419,0.355825959,0.417772861,0.477876106,0.538716814,0.595132743,0.643067847,0.697271386,0.751106195,0.793510324,0.0603,0.1247,0.1924,0.239,0.3042,0.3491,0.3914,0.4121,0.5008,0.5678,0.5958,0.6232,0.6391,0.6396,0.6712,0.0484,0.1505,0.2142,0.2879,0.3418,0.3427,0.3973,0.4708,0.517,0.5735,0.6101,0.6156,0.6375,0.6562,0.6626
1,TM000124,1,1,1.8333,360,0.46,9196.701802,10396.40743,9796.554616,0.357169185,0.862513822,410,0.369100295,0.873156342,0.36313474,0.862513822,0.029119056,0.063767048,0.096940656,0.121636565,0.145963878,0.164762256,0.185772208,0.206413564,0.223368964,0.255436786,0.272392186,0.290821968,0.304091412,0.335053446,0.357169185,0.03060472,0.07300885,0.108038348,0.119100295,0.147861357,0.183259587,0.200958702,0.218289086,0.236725664,0.248525074,0.271386431,0.288348083,0.322271386,0.338126844,0.369100295,0.053814965,0.110947291,0.165868043,0.224474751,0.276078142,0.338370807,0.401032068,0.458901585,0.516033911,0.572797641,0.62882418,0.683744932,0.743088832,0.803907114,0.862513822,0.056784661,0.116150442,0.176253687,0.22160767,0.265855457,0.328539823,0.387536873,0.450589971,0.514011799,0.576696165,0.635693215,0.685840708,0.748525074,0.809734513,0.873156342,0.0646,0.1288,0.1835,0.2182,0.2714,0.3146,0.3337,0.3653,0.3956,0.4562,0.4973,0.5274,0.5566,0.5802,0.6133,0.071,0.1531,0.2087,0.2275,0.2983,0.3851,0.415,0.4269,0.4363,0.4522,0.4934,0.5319,0.6247,0.6567,0.7189
1,TM000145,1,1,2,420,0.49,8599.547473,11658.85822,10129.20285,0.44902466,0.83437615,270,0.377581121,0.909292035,0.413302891,0.83437615,0.031284505,0.065145381,0.099742363,0.13617961,0.173721016,0.200956938,0.237026132,0.265366213,0.273463379,0.291866029,0.313213103,0.341921237,0.361796099,0.406698565,0.44902466,0.041666667,0.071165192,0.086283186,0.107669617,0.125,0.156342183,0.175516224,0.20280236,0.226769912,0.251843658,0.28060472,0.309365782,0.32780236,0.349926254,0.377581121,0.059992639,0.112992271,0.166359956,0.228928966,0.290393817,0.323150534,0.365476629,0.415531837,0.472211999,0.527419948,0.581891792,0.641516378,0.705925653,0.768494663,0.83437615,0.062315634,0.122787611,0.182522124,0.2429941,0.298672566,0.355088496,0.419985251,0.485619469,0.54719764,0.610619469,0.671091445,0.726032448,0.779867257,0.846238938,0.909292035,0.0794,0.1367,0.1805,0.2497,0.3279,0.3642,0.3743,0.4085,0.4122,0.4483,0.4781,0.5232,0.5557,0.6473,0.7372,0.1189,0.1593,0.1791,0.2176,0.2529,0.2983,0.3182,0.3309,0.3562,0.3876,0.4223,0.4406,0.4825,0.5396,0.5916
1,TM000129,0,2,2.0833,370,0.48,7497.444876,8994.998267,8246.221572,0.32780236,0.750737463,400,0.338739403,0.830446001,0.333270882,0.750737463,0.026548673,0.060840708,0.100294985,0.146017699,0.160766962,0.187315634,0.210176991,0.223820059,0.25479351,0.268067847,0.268067847,0.278761062,0.290560472,0.319690265,0.32780236,0.033173609,0.063767048,0.107998526,0.140066347,0.159970512,0.176925912,0.20678216,0.229266495,0.244747512,0.266494655,0.276446738,0.28897899,0.30593439,0.316623664,0.338739403,0.05899705,0.116519174,0.175147493,0.23340708,0.274705015,0.327433628,0.370943953,0.406710914,0.448746313,0.489675516,0.52359882,0.571902655,0.621312684,0.685471976,0.750737463,0.055289348,0.10762993,0.162919278,0.218577221,0.275709547,0.330630299,0.385182455,0.443051972,0.500184298,0.549207519,0.607445632,0.650939919,0.706229266,0.765941762,0.830446001,0.0443,0.1241,0.1967,0.2748,0.2965,0.3373,0.3997,0.4194,0.4876,0.5185,0.5185,0.5312,0.5635,0.6161,0.6269,0.0837,0.1468,0.2434,0.3225,0.3473,0.3609,0.428,0.4643,0.4912,0.5225,0.5346,0.5605,0.6212,0.6337,0.6747
2,TM000160,0,2,1.4167,370,0.48,8828.73629,7362.202236,8095.469263,0.35840708,0.762536873,320,0.319321534,0.733038348,0.338864307,0.762536873,0,0,0.031710914,0.08259587,0.118362832,0.130530973,0.169985251,0.201327434,0.217920354,0.240412979,0.256268437,0.286873156,0.322271386,0.33480826,0.35840708,0.016961652,0.056415929,0.077433628,0.098820059,0.117256637,0.147492625,0.171091445,0.209439528,0.22160767,0.244100295,0.274705015,0.287610619,0.296828909,0.307890855,0.319321534,0.005899705,0.005899705,0.060840708,0.120575221,0.176253687,0.22640118,0.286504425,0.346238938,0.404129794,0.467182891,0.526548673,0.58480826,0.640855457,0.697271386,0.762536873,0.044616519,0.102876106,0.155235988,0.207227139,0.242625369,0.292772861,0.345870206,0.398230088,0.45759587,0.511430678,0.566371681,0.606563422,0.644911504,0.684734513,0.733038348,0,0,0.0776,0.1921,0.2528,0.2723,0.3425,0.3894,0.4184,0.4721,0.5128,0.579,0.6337,0.6465,0.6729,0.054,0.1365,0.1806,0.2194,0.248,0.3104,0.3505,0.422,0.4436,0.4958,0.5667,0.5804,0.5928,0.6082,0.6286
1,TM000142,0,2,1.4167,330,0.54,8735.97388,6561.190042,7648.581961,0.385040531,0.774871039,360,0.405455216,0.665683745,0.395247874,0.774871039,0.035003685,0.077008106,0.102063375,0.119749447,0.15917465,0.196389094,0.229918939,0.248710391,0.277818718,0.29624171,0.315401621,0.329034635,0.349668386,0.368828298,0.385040531,0.030224843,0.083302617,0.117582013,0.148544047,0.188720973,0.227423516,0.268706229,0.307040177,0.333210468,0.347585698,0.354589016,0.366752672,0.376336159,0.388499816,0.405455216,0.057479735,0.107221813,0.138909359,0.177966102,0.231761238,0.289240973,0.345983788,0.393146647,0.45357406,0.513633014,0.56853353,0.621591746,0.68091378,0.730655859,0.774871039,0.051603391,0.105786952,0.145595282,0.179874677,0.212311095,0.249907851,0.290453373,0.344268338,0.401032068,0.444526355,0.471802433,0.524511611,0.573166237,0.616291928,0.665683745,0.0965,0.1834,0.2142,0.2484,0.328,0.4007,0.4766,0.505,0.5443,0.5539,0.5694,0.5813,0.6224,0.6367,0.6694,0.0783,0.2059,0.2674,0.3034,0.327,0.3607,0.4115,0.4341,0.4821,0.5145,0.5313,0.5532,0.5712,0.5974,0.6306
2,TM000166,0,2,1.5,320,0.5,9394.306925,8409.108873,8901.707899,0.369701438,0.896424622,320,0.324913892,0.866054344,0.347307665,0.896424622,0.035753778,0.080722447,0.125322521,0.166236638,0.20420199,0.24917066,0.252488021,0.271654994,0.281975673,0.304460007,0.32878732,0.340950977,0.352377442,0.359012164,0.369701438,0.029468044,0.070034443,0.109452736,0.114810563,0.123612706,0.151167241,0.188672024,0.200153081,0.211251435,0.227324914,0.25717566,0.278606965,0.298124761,0.304247991,0.324913892,0.058606708,0.117950608,0.179874677,0.244010321,0.30593439,0.368964246,0.433468485,0.490969407,0.537781054,0.595281976,0.655731662,0.717287136,0.782159971,0.828971618,0.896424622,0.059318791,0.120168389,0.179869881,0.223115193,0.27133563,0.336394948,0.401071565,0.451970915,0.5101416,0.565633372,0.629544585,0.690776885,0.737466514,0.799846919,0.866054344,0.0752,0.1396,0.2292,0.3182,0.4183,0.5295,0.5306,0.5533,0.5708,0.594,0.6185,0.6314,0.6496,0.6644,0.6859,0.0677,0.1573,0.2383,0.2423,0.2656,0.3201,0.3729,0.3879,0.4116,0.4361,0.4879,0.521,0.5588,0.5667,0.6085
1,TM000127,0,2,1.3333,380,0.37,9517.287589,9119.9373,9318.612445,0.322640118,0.844764012,430,0.325718497,0.86440678,0.324179308,0.844764012,0.028023599,0.056415929,0.090339233,0.122418879,0.147861357,0.171460177,0.184365782,0.217182891,0.251106195,0.281710914,0.293141593,0.306047198,0.314528024,0.317846608,0.322640118,0.039425203,0.074060427,0.106116433,0.154016212,0.186809138,0.211864407,0.233235077,0.241709654,0.245762712,0.266396463,0.271554901,0.275607959,0.291820192,0.298452469,0.325718497,0.05899705,0.112463127,0.171828909,0.230457227,0.289085546,0.344764012,0.403023599,0.464970501,0.525811209,0.588126844,0.619837758,0.678466077,0.728613569,0.775073746,0.844764012,0.063375092,0.128592483,0.186809138,0.246868091,0.307663965,0.369933677,0.430361091,0.488209285,0.536845984,0.581429624,0.612011791,0.676123803,0.735445836,0.798084009,0.86440678,0.0521,0.113,0.1832,0.2533,0.296,0.3419,0.3592,0.4263,0.4955,0.5525,0.5808,0.6014,0.6188,0.6266,0.6311,0.0905,0.175,0.2371,0.3295,0.3738,0.4243,0.4693,0.4827,0.4915,0.5279,0.5375,0.545,0.5856,0.5968,0.648
2,TM000139,0,2,1.6667,330,0.93,7630.90072,7339.314934,7485.107827,0.39918909,0.840766679,300,0.349557522,0.746681416,0.374373306,0.840766679,0.027276078,0.0762993,0.113896056,0.148912643,0.178768891,0.198673056,0.227423516,0.246221895,0.261334316,0.27202359,0.293770734,0.311094729,0.333579064,0.36269812,0.39918909,0.005899705,0.044985251,0.066371681,0.098820059,0.109513274,0.133112094,0.162241888,0.173672566,0.212389381,0.237463127,0.252949853,0.272123894,0.302359882,0.326327434,0.349557522,0.057869517,0.112421673,0.168079617,0.224106156,0.282712864,0.345005529,0.399557685,0.452635459,0.49834132,0.54662735,0.601916697,0.660523406,0.71949871,0.77884261,0.840766679,0.04019174,0.094764012,0.135324484,0.178466077,0.23820059,0.298303835,0.33960177,0.374631268,0.424778761,0.482669617,0.527286136,0.566740413,0.623893805,0.680309735,0.746681416,0.0411,0.1199,0.1663,0.2351,0.2874,0.337,0.3839,0.4053,0.422,0.4397,0.4712,0.4971,0.548,0.6046,0.6793,0.0073,0.0777,0.1078,0.1546,0.1617,0.1912,0.2391,0.2504,0.3227,0.3645,0.3944,0.4074,0.4833,0.5501,0.595
1,TM000110,0,2,2.25,410,0.47,7436.523087,7309.647978,7373.085533,0.399263352,0.791160221,480,0.369469027,0.795353982,0.38436619,0.791160221,0.032412523,0.062983425,0.080294659,0.099815838,0.128176796,0.162430939,0.185635359,0.204051565,0.239779006,0.268139963,0.292081031,0.316758748,0.335911602,0.369797422,0.399263352,0.029129794,0.062315634,0.106932153,0.142330383,0.160766962,0.180678466,0.201327434,0.219026549,0.232300885,0.257743363,0.285766962,0.312315634,0.336283186,0.353244838,0.369469027,0.057090239,0.110128913,0.156537753,0.204788214,0.25893186,0.311970534,0.362430939,0.425414365,0.483241252,0.535911602,0.588581952,0.633149171,0.677348066,0.739226519,0.791160221,0.057153392,0.100294985,0.155973451,0.215707965,0.272492625,0.316740413,0.375368732,0.425147493,0.475294985,0.524336283,0.582227139,0.639749263,0.689896755,0.744100295,0.795353982,0.0547,0.1244,0.1569,0.1813,0.2232,0.2649,0.3042,0.3331,0.4042,0.458,0.4764,0.5028,0.5459,0.6164,0.6609,0.057,0.0865,0.1632,0.2192,0.2454,0.2704,0.3204,0.3535,0.3722,0.4176,0.4784,0.5206,0.555,0.5821,0.6052
2,TM000105,1,1,2,270,0.54,8682.991124,8127.452019,8405.221572,0.343899742,0.834500553,370,0.371681416,0.803466077,0.357790579,0.834500553,0.022115739,0.062292665,0.083302617,0.104312569,0.149281238,0.178400295,0.200147438,0.217471434,0.225949134,0.251750829,0.25764836,0.27202359,0.288610394,0.309251751,0.343899742,0.017330383,0.047566372,0.078171091,0.105825959,0.117625369,0.146386431,0.169616519,0.205752212,0.21460177,0.228244838,0.258112094,0.292772861,0.333333333,0.351769912,0.371681416,0.053077774,0.110947291,0.165499447,0.211942499,0.269443421,0.329893107,0.387025433,0.429045337,0.469590859,0.528197567,0.590858828,0.654625875,0.71360118,0.769259123,0.834500553,0.056415929,0.113938053,0.171091445,0.220132743,0.26179941,0.322271386,0.383849558,0.449483776,0.506268437,0.559734513,0.619837758,0.67920354,0.729719764,0.765855457,0.803466077,0.0399,0.1169,0.1467,0.1813,0.274,0.3498,0.4032,0.4244,0.4364,0.4876,0.4917,0.5121,0.5361,0.5778,0.6262,0.0258,0.0654,0.1132,0.156,0.1827,0.2188,0.2523,0.3311,0.3539,0.3982,0.4429,0.4998,0.556,0.5785,0.6281
1,TM000159,1,1,1.5,210,0.41,9348.868325,9676.240908,9512.554617,0.485619469,0.737463127,400,0.453308824,0.842279412,0.469464147,0.737463127,0.036135693,0.066371681,0.080383481,0.105088496,0.128318584,0.153023599,0.189159292,0.222713864,0.264749263,0.295353982,0.33960177,0.373156342,0.396386431,0.43620944,0.485619469,0.024632353,0.047058824,0.077941176,0.113970588,0.142279412,0.176470588,0.194485294,0.226102941,0.245588235,0.2625,0.291911765,0.334926471,0.378676471,0.414705882,0.453308824,0.062684366,0.102507375,0.145280236,0.179941003,0.193215339,0.208333333,0.254056047,0.314159292,0.37020649,0.432522124,0.495575221,0.555678466,0.616887906,0.672935103,0.737463127,0.05625,0.111029412,0.166176471,0.213235294,0.25625,0.309558824,0.370955882,0.429779412,0.485294118,0.53125,0.595955882,0.661029412,0.722426471,0.777573529,0.842279412,0.0961,0.1779,0.2046,0.2707,0.2709,0.2725,0.2923,0.3263,0.3529,0.3753,0.426,0.4561,0.4803,0.5079,0.5788,0.0391,0.0755,0.1103,0.1363,0.1444,0.159,0.1881,0.2098,0.2456,0.2602,0.317,0.4335,0.5505,0.6189,0.672
1,TM000152,1,1,2.75,310,0.6,8730.008368,8891.53528,8810.771824,0.322521194,0.854404718,350,0.263817244,0.850405306,0.293169219,0.854404718,0.021009952,0.063398452,0.098415039,0.120899373,0.136748986,0.147806856,0.155178769,0.168816808,0.198673056,0.227054921,0.24069296,0.249907851,0.269074825,0.292664947,0.322521194,0.028739867,0.057111275,0.095062638,0.116433309,0.13706706,0.154753132,0.165806927,0.190125276,0.203021371,0.212232867,0.219233604,0.231761238,0.232866618,0.243551953,0.263817244,0.058238113,0.119793586,0.173239956,0.230372282,0.287873203,0.340213785,0.389974198,0.448580907,0.500184298,0.561739771,0.624401032,0.680427571,0.740508662,0.800958349,0.854404718,0.055637436,0.107958732,0.164333088,0.222181282,0.274134119,0.331613854,0.390198968,0.450257922,0.502210759,0.558953574,0.616433309,0.672439204,0.723655122,0.787030214,0.850405306,0.0735,0.1823,0.2381,0.2844,0.314,0.3294,0.3447,0.3738,0.4306,0.4982,0.5238,0.5336,0.5669,0.613,0.6751,0.0595,0.128,0.2146,0.2637,0.2886,0.3187,0.343,0.4046,0.4343,0.4555,0.4595,0.4887,0.4893,0.5188,0.5696
2,TM000148,1,1,1.1667,240,0.56,5876.124025,7897.444876,6886.784451,0.303834808,0.574483776,410,0.340213785,0.799852562,0.322024297,0.574483776,0.019911504,0.054572271,0.085176991,0.114675516,0.151179941,0.180309735,0.227507375,0.253687316,0.272123894,0.286504425,0.295722714,0.299041298,0.300884956,0.303834808,0.303834808,0.0254331,0.0423885,0.075562108,0.1102101,0.120899373,0.146701069,0.178031699,0.207519351,0.230372282,0.233321047,0.257279764,0.266494655,0.275340951,0.303722816,0.340213785,0.05420354,0.114675516,0.171828909,0.227876106,0.283923304,0.321165192,0.361356932,0.412610619,0.45280236,0.492256637,0.513643068,0.526548673,0.544616519,0.554941003,0.574483776,0.053446369,0.096940656,0.157390343,0.214522669,0.276078142,0.326575746,0.381127903,0.439734611,0.497972724,0.549207519,0.602653889,0.640987836,0.683744932,0.743826023,0.799852562,0.0281,0.0997,0.1555,0.2262,0.3013,0.3485,0.4135,0.4469,0.4808,0.5236,0.533,0.5409,0.5418,0.5493,0.5493,0.0484,0.0723,0.147,0.2194,0.2433,0.3002,0.3675,0.4187,0.4639,0.4702,0.5151,0.5194,0.5376,0.599,0.6847
1,TM000102,0,2,1.3333,450,0.51,7283.013419,8847.427632,8065.220526,0.345501475,0.776179941,300,0.324115044,0.81120944,0.33480826,0.776179941,0.014749263,0.054572271,0.097345133,0.119837758,0.148967552,0.16039823,0.17219764,0.187315634,0.20980826,0.226769912,0.238938053,0.243731563,0.250737463,0.293879056,0.324115044,0.021755162,0.05420354,0.087389381,0.125,0.150442478,0.175516224,0.180678466,0.206120944,0.225294985,0.253687316,0.281710914,0.307890855,0.321165192,0.326327434,0.345501475,0.042035398,0.092920354,0.152286136,0.210914454,0.258480826,0.299041298,0.353982301,0.41740413,0.475663717,0.530973451,0.58480826,0.632743363,0.687315634,0.747787611,0.81120944,0.057890855,0.10840708,0.169247788,0.230825959,0.279498525,0.334439528,0.387168142,0.443952802,0.504056047,0.562684366,0.617256637,0.671091445,0.707964602,0.73340708,0.776179941,0.0351,0.1071,0.1517,0.1949,0.2354,0.2514,0.2741,0.2776,0.2835,0.2885,0.3008,0.3021,0.3221,0.4221,0.4917,0.0543,0.1167,0.18,0.2477,0.289,0.3568,0.3625,0.4118,0.4338,0.4745,0.5197,0.5759,0.5947,0.6051,0.6599
2,TM000125,1,1,3.25,220,0.52,4959.661038,8317.126117,6638.393578,0.222713864,0.544616519,320,0.35687453,0.824943651,0.289794197,0.544616519,0.029867257,0.056047198,0.091814159,0.109513274,0.122787611,0.141961652,0.142330383,0.144174041,0.153761062,0.160766962,0.164823009,0.171460177,0.198377581,0.219026549,0.222713864,0.016904583,0.049962434,0.082644628,0.106311044,0.144252442,0.158527423,0.167167543,0.193463561,0.236664162,0.268970699,0.276108189,0.282870023,0.289631856,0.308414726,0.35687453,0.054572271,0.110250737,0.154867257,0.183628319,0.220132743,0.25479351,0.274705015,0.289085546,0.308628319,0.326696165,0.354351032,0.393067847,0.436946903,0.484513274,0.544616519,0.046957175,0.103305785,0.15890308,0.220135237,0.281367393,0.339218633,0.393688956,0.450788881,0.511269722,0.56649136,0.608189331,0.645755071,0.698722765,0.761833208,0.824943651,0.09,0.136,0.1927,0.207,0.2227,0.257,0.257,0.2578,0.2865,0.3065,0.3137,0.3235,0.3872,0.438,0.4421,0.0265,0.0836,0.1332,0.1712,0.2329,0.2696,0.2879,0.3259,0.3812,0.4258,0.4306,0.4424,0.4632,0.499,0.5717
2,TM000126,0,2,2.0833,320,0.56,8730.464212,8075.226622,8402.845417,0.319321534,0.827433628,280,0.26179941,0.775442478,0.290560472,0.827433628,0.022861357,0.049778761,0.089233038,0.130899705,0.157079646,0.18399705,0.20759587,0.23820059,0.256268437,0.275073746,0.295722714,0.302728614,0.30420354,0.311578171,0.319321534,0.016961652,0.04719764,0.07079646,0.09660767,0.130530973,0.160766962,0.172935103,0.198746313,0.206489676,0.208702065,0.214233038,0.227876106,0.238938053,0.255162242,0.26179941,0.056047198,0.099557522,0.158923304,0.217920354,0.271755162,0.330752212,0.391961652,0.453908555,0.514011799,0.563421829,0.615781711,0.663348083,0.713495575,0.767330383,0.827433628,0.043141593,0.098451327,0.148230088,0.200589971,0.25,0.307890855,0.367256637,0.427359882,0.474926254,0.508480826,0.551622419,0.610988201,0.665929204,0.716814159,0.775442478,0.0454,0.0928,0.1834,0.2399,0.2658,0.3138,0.3511,0.4085,0.4402,0.474,0.5143,0.5212,0.5216,0.5408,0.559,0.0252,0.0828,0.1182,0.1616,0.2318,0.2773,0.2929,0.332,0.3429,0.3439,0.354,0.3848,0.3976,0.4265,0.4307